{
    "HeartseaseRecreationGround": {
        "name": "Heartsease Recreation Ground",
        "region": [
            [52.6477960470315, 1.3362806055702],
            [52.6486715422851, 1.3396333668388],
            [52.6485901772940, 1.3396816466011],
            [52.6484014099316, 1.3397191975273],
            [52.6478774135001, 1.3398157570518],
            [52.6464225581933, 1.3401215288795],
            [52.6462826031175, 1.3400947067894],
            [52.6458106582810, 1.3397889349617],
            [52.6458399515570, 1.3395850870766],
            [52.6460873162166, 1.3385926697410],
            [52.6461068449459, 1.3384639237083],
            [52.6460970805824, 1.3383512709297],
            [52.6460808066382, 1.3381366942085],
            [52.6461589215148, 1.3380937788643],
            [52.6462207623599, 1.3380079481758],
            [52.6462891126658, 1.3379113886513],
            [52.6464941629426, 1.3371335480369],
            [52.6470084117887, 1.3374822352089],
            [52.6470084117887, 1.3375466082252],
            [52.6470394574241, 1.3375707481064],
            [52.6472332385233, 1.3368867848076],
            [52.6473504076983, 1.3366131994881]
        ],
        "center": [52.64710, 1.33863]
    },
    "TheCostesseyCentre": {
        "name": "The Costessey Centre",
        "region": [
            [52.6579324331213, 1.2068058658513],
            [52.6580398119309, 1.2038178850087],
            [52.6572859452332, 1.2035970889173],
            [52.6562847599575, 1.2033387418996],
            [52.6561269392196, 1.2042265530836],
            [52.6560089800486, 1.2053785618555],
            [52.6561958841739, 1.2054479640137],
            [52.6562819126812, 1.2055978324424],
            [52.6563451628470, 1.2059166800391],
            [52.6563693646546, 1.2063428159963],
            [52.6565483355897, 1.2064125534307],
            [52.6570071486401, 1.2065252062093],
            [52.6575147659784, 1.2067612406026],
            [52.6577402682343, 1.2068291045348]
        ],
        "center": [52.65707, 1.20499]
    }
}
